<?xml version="1.0" encoding="UTF-8"?>
<project-private xmlns="http://www.netbeans.org/ns/project-private/1">
    <editor-bookmarks xmlns="http://www.netbeans.org/ns/editor-bookmarks/2" lastBookmarkId="0"/>
    <open-files xmlns="http://www.netbeans.org/ns/projectui-open-files/2">
        <group>
            <file>file:/C:/Users/Alunos/Desktop/Projetos/FatecVotorantim2/Técnicas%20de%20Programação%20e%20Estrutura%20de%20Dados/Aula1/src/ExercListaCircular/ListaCircular.java</file>
            <file>file:/C:/Users/Alunos/Desktop/Projetos/FatecVotorantim2/Técnicas%20de%20Programação%20e%20Estrutura%20de%20Dados/Aula1/src/ExercListaCircular/NoDuplo.java</file>
            <file>file:/C:/Users/Alunos/Desktop/Projetos/FatecVotorantim2/Técnicas%20de%20Programação%20e%20Estrutura%20de%20Dados/Aula1/src/ExercListaCircular/Ex_ListaCircularDuplamenteLigada.java</file>
            <file>file:/C:/Users/Alunos/Desktop/Projetos/FatecVotorantim2/Técnicas%20de%20Programação%20e%20Estrutura%20de%20Dados/Aula1/src/Aula2203/ListaLigada.java</file>
        </group>
    </open-files>
</project-private>
